keyword,rank,title,link
cologne,1,Cologne - Wikipedia,https://en.wikipedia.org/wiki/Cologne
cologne,2,Cologne For Men | Macy's,https://www.macys.com/shop/mens/cologne-grooming/cologne?id=30088
cologne,3,Shop Cologne & Perfume Online | Premium Fragrances at Cologne.com,https://www.cologne.com/
cologne,4,Amazon.com: Cologne,https://www.amazon.com/cologne/s?k=cologne
cologne,5,Discover the Rhine metropolis Cologne | Cologne Tourist Board,https://www.cologne-tourism.com/
cologne,6,Cologne for Men | Sephora,https://www.sephora.com/shop/cologne
cologne,7,"Cologne | Germany, Description, Economy, Culture, & History - Britannica",https://www.britannica.com/place/Cologne-Germany
cologne,8,"13 Best Fresh Colognes for Men in 2026, According to Esquire",https://www.esquire.com/style/grooming/g70679603/best-fresh-clean-colognes/
cologne,9,25 Best Things to Do in Cologne (Germany) - The Crazy Tourist,https://www.thecrazytourist.com/25-best-things-cologne-germany/
cologne,10,"Perfume, Cologne & Discount Perfume",https://www.fragrancenet.com/
cologne,11,Men's Cologne | FragranceNet.com®,https://www.fragrancenet.com/cologne
cologne,12,Cologne - Men - 390 Products | Ulta Beauty,https://www.ulta.com/shop/men/cologne
cologne,13,Men's Cologne - Top Brands & Best Sellers | Perfume.com,https://www.perfume.com/men
cologne,14,IEM Cologne 2026 - Counter-Strike: Global Offensive,https://www.counter-strike.net/newsentry/672869045073084948
cologne,15,Imagination Luxury Men's Cologne | LOUIS VUITTON ®,https://us.louisvuitton.com/eng-us/products/imagination-nvprod2970067v/LP0219
cologne,16,Yves Saint Laurent Cologne For Men | Macy's,https://www.macys.com/shop/mens/cologne-grooming/cologne/Brand/Yves%20Saint%20Laurent?id=30088
cologne,17,Discount Perfume & Cologne - FragranceShop.com,https://www.fragranceshop.com/
cologne,18,Pick'Ems for CS2 Cologne Major: Prediction examples and analysis,https://esports.gg/news/counter-strike-2/pick-em-cologne-major-2026/
cologne,19,Cologne (Köln) Starter Guide - My Germany Vacation,https://www.mygermanyvacation.com/cologne-travel-guide/
cologne,20,Perfume & Cologne - Long Lasting Fragrances | Bath & Body Works,https://www.bathandbodyworks.com/c/body-care/perfume-cologne
cologne,21,Cologne For Men - Men's Fragrances & Perfumes - YSL Beauty,https://www.yslbeautyus.com/fragrance/mens-fragrances/
cologne,22,IEM Cologne Major 2026 Stage 2 - HLTV.org,https://www.hltv.org/events/9029/iem-cologne-major-2026-stage-2
cologne,23,You will be wowed when you visit Cologne - Germany Travel,https://www.germany.travel/en/cities-culture/cologne.html
cologne,24,"IEM Cologne 2026 Major Tournament Guide—Schedule, Format, and Teams",https://insider-gaming.com/iem-cologne-2026-major-tournament-guide/
cologne,25,Particle Gravité Cologne | Long-Lasting Fragrance for Men,https://www.particleformen.com/product/particle-gravite/
cologne,26,"The 23 Best Fragrances for Men, Tested by Esquire",https://www.esquire.com/style/grooming/g70795464/best-cologne-for-men/
cologne,27,IEM Cologne Major 2026 - HLTV.org,https://www.hltv.org/events/8301/iem-cologne-major-2026
cologne,28,Official 4711 Shop: The World of Fragrances | 4711.com,https://4711.com/en
cologne,29,"Men's Fragrance: Cologne, Body Care and Gift Sets for Men by Avon",https://www.avon.com/category/fragrance/mens
cologne,30,The Best Cologne for Men | The 2026 Fragrance Guide,https://www.thegentlemansjournal.com/article/best-cologne-for-men/
cologne,31,Intel Extreme Masters Cologne Major 2026: Stage 1 - Liquipedia,https://liquipedia.net/counterstrike/Intel_Extreme_Masters/2026/Cologne/Stage_1
cologne,32,"Cologne Gift Sets, Men's Cologne Sets & Cologne Gifts | Sephora",https://www.sephora.com/shop/cologne-gift-sets
cologne,33,Amazon.com: Armani Beauty - Acqua di Gio - Eau de Toilette - Cologne ...,https://www.amazon.com/Acqua-Giorgio-Armani-Toilette-Ounces/dp/B000E7YK5K
cologne,34,Burberry Touch Eau de Toilette - Fresh Aromatic Cologne - Amazon,https://www.amazon.com/BURBERRY-Touch-Eau-Toilette-Men/dp/B00DUVMGL2
Bali,1,Bali - Wikipedia,https://en.wikipedia.org/wiki/Bali
Bali,2,"Visit Bali - Your Complete Travel Guide to Bali, Indonesia",https://visitbali.com/
Bali,3,THE 15 BEST Things to Do in Bali (2026) - Must-See Attractions,https://www.tripadvisor.com/Attractions-g294226-Activities-Bali.html
Bali,4,Bali: All You Must Know Before You Go (2026) - Tripadvisor,https://www.tripadvisor.com/Tourism-g294226-Bali-Vacations.html
Bali,5,"34 Best Things To Do in Bali, Indonesia [2026]",https://baliuntold.com/things-to-do/
Bali,6,"Where is Bali Located? Map of Bali, Indonesia & Key Facts",https://www.whereig.com/wonders-of-the-world/where-is-bali.html
Bali,7,20 Epic Things to Do in Bali (The Ultimate Bucket List),https://www.earthtrekkers.com/best-things-to-do-in-bali/
Bali,8,"Bali Travel Guide - Visa, Tips, Must know - Official updates",https://bali.com/
Bali,9,"The ultimate travel guide to Bali: where to stay, what to eat and how ...",https://www.theguardian.com/ultimate-southeast-asia/2026/may/06/bali-travel-guide-where-to-stay-what-to-eat-and-how-to-get-around
Bali,10,"Bali | History, Climate, Population, Map, & Facts | Britannica",https://www.britannica.com/place/Bali-island-and-province-Indonesia
Bali,11,"Shop Custom Blinds, Shades, Shutters & Drapery | Bali Blinds",https://www.baliblinds.com/
Bali,12,Bali News - The Bali Times,https://thebalitimes.com/category/headlines/
Bali,13,"Bali Vacation Packages 2026 from $1,646 | Expedia",https://www.expedia.com/Bali.d602651.Destination-Travel-Guides
Bali,14,Best & Worst Times to Visit Bali 2026 (First-Timer Guide),https://www.highlightstravel.com/indonesia/bali/best-time-to-visit
Bali,15,Bali Tourist Tax - How to pay the Bali Tourist Levy (official Link),https://bali.com/bali/bali-visa-indonesia-entry-regulations/bali-tourist-tax-international-travelers/
Bali,16,"Bali Visa on Arrival (eVoA) 2026: USD 35, Apply Before You Fly",https://bali.com/bali/bali-visa-indonesia-entry-regulations/visa-on-arrival-voa/
Bali,17,The Bali Times | Indonesia's English News from the Island of Bali,https://thebalitimes.com/
Bali,18,"Denpasar, Bali, Indonesia Weather Forecast | AccuWeather",https://www.accuweather.com/en/id/denpasar/202196/weather-forecast/202196
Bali,19,Where Is Bali? Tips for First-Time Visitors - TripSavvy,https://www.tripsavvy.com/where-is-bali-1458554
Bali,20,Why was Bonnie Blue detained in Bali? Adult star responds ... - indy100,https://www.indy100.com/news/bonnie-blue-detained-bali-explained
Bali,21,Tributes flow for young Aussie after week-long fight with a severe ...,https://www.dailymail.com/news/article-15875747/sydney-man-trent-rutherford-dies-bali-brain-injury.html
Bali,22,7 million tourists flooded Bali - then bodies started showing up,https://www.msn.com/en-ca/travel/news/7-million-tourists-flooded-bali-then-bodies-started-showing-up/vi-AA23z2XD
Bali,23,Cost of Living in Bali. Jun 2026. Prices in Bali - Numbeo,https://www.numbeo.com/cost-of-living/in/Bali
Bali,24,"Jimbaran Puri, A Belmond Hotel | Luxury Bali Resorts",https://www.belmond.com/hotels/asia/bali/belmond-jimbaran-puri/
Bali,25,Wild 14 person brawl erupts at popular Bali nightclub,https://www.news.com.au/travel/travel-updates/incidents/shocking-moment-at-least-14-tourists-get-into-wild-brawl-in-popular-bali-nightclub/news-story/350b0f2b4158d47009a734c6c8397593
Bali,26,"5-Star Resorts in Sanur, Bali, Indonesia | Hyatt Regency Bali Resort",https://www.hyatt.com/hyatt-regency/en-US/dpsbl-hyatt-regency-bali
Bali,27,"Luxe Bali Villas: Private Pools, Stunning Views & 5-Star Service",https://www.ultimatebali.com/bali-luxury-villas/
Bali,28,Philippine Airlines Flights to Bali (Denpasar) from USD 232,https://flights.philippineairlines.com/en/flights-to-bali-denpasar
Bali,29,"33 Best Things to Do in Ubud, Bali",https://baliuntold.com/destinations/ubud/things-to-do/
Bali,30,"The Best Things to Do in Bali, the Island of the Gods",https://www.cntraveler.com/gallery/the-best-things-to-do-in-bali-the-island-of-the-gods
Bali,31,"Bali Collection | Premier Lifestyle, Shopping & Dining in Nusa Dua, Bali",https://bali-collection.com/
Bali,32,Next step for mum injured in Bali scooter crash that claimed boyfriend ...,https://7news.com.au/news/friends-rally-around-australian-couple-bryce-black-and-samantha-baillie-after-fatal-scooter-crash-in-kuta-bali-c-21186766
Bali,33,British Actress Bonnie Blue Arrested in Bali Over Alleged Pornography ...,https://thebalitimes.com/headlines/british-actress-bonnie-blue-arrested-in-bali-over-alleged-pornography-production/
Bali,34,"Tour du lịch Bali trọn gói, giá ưu đãi | Vietravel",https://travel.com.vn/du-lich-bali.aspx
Bali,35,25 Best Things to Do in Kuta (Bali) - The Crazy Tourist,https://www.thecrazytourist.com/25-best-things-kuta-bali/
Bali,36,Bonnie Blue breaks silence after adult content creator arrested in Bali ...,https://www.independent.co.uk/asia/southeast-asia/bonnie-blue-arrest-bali-onlyfans-b2881648.html
Bali,37,"Luxury Clifftop Villas | Umana Bali, LXR Hotels & Resorts - Hilton",https://www.hilton.com/en/hotels/dpsolol-umana-bali-resort/
Bali,38,What to do in Bali? The 15 Best Attractions (UPDATED 2026) - Viator,https://www.viator.com/Bali/d98
